,Unnamed: 0.3,Unnamed: 0.2,Unnamed: 0.1,Unnamed: 0,subreddit,title,selftext,upvote_ratio,ups,downs,score,id
0,0.0,0.0,0.0,,anime,Akuyaku Reijou nano de Last Boss wo Kattemimashita - Episode 12 discussion,"*Akuyaku Reijou nano de Last Boss wo Kattemimashita*, episode 12

Alternative names: *I'm the Villainess, So I'm Taming the Final Boss*

# [Rate this episode here.](https://youpoll.me/92733/)

**Reminder:** Please do not discuss plot points not yet seen or skipped in the show. Failing to follow the rules may result in a ban.

---

**Streams**

* [Crunchyroll](http://crunchyroll.com/im-the-villainess-so-im-taming-the-final-boss)
* [VRV](https://vrv.co/series/GG5H5X0JK)

**Show information**

* [MyAnimeList](https://myanimelist.net/anime/49979/)
* [AniList](https://anilist.co/anime/139820)
* [AniDB](https://anidb.net/perl-bin/animedb.pl?show=anime&amp;aid=16826)
* [Kitsu](https://kitsu.io/anime/45269)
* [Anime-Planet](https://www.anime-planet.com/anime/im-the-villainess-so-im-taming-the-final-boss)
* [Official Website](https://akulas-pr.com/)

---

**All discussions**

Episode|Link|Score
:-:|:-:|:-:
1|[Link](https://redd.it/xmvkz5)|[4.41](https://youpoll.me/87048/r)
2|[Link](https://redd.it/xszv61)|[4.46](https://youpoll.me/87493/r)
3|[Link](https://redd.it/xyul2r)|[4.72](https://youpoll.me/87954/r)
4|[Link](https://redd.it/y4ot0c)|[4.51](https://youpoll.me/88470/r)
5|[Link](https://redd.it/yaopns)|[4.73](https://youpoll.me/88987/r)
6|[Link](https://redd.it/ygkkff)|[4.54](https://youpoll.me/89518/r)
7|[Link](https://redd.it/ymuwpk)|[4.79](https://youpoll.me/90070/r)
8|[Link](https://redd.it/yt9hi3)|[4.7](https://youpoll.me/90598/r)
9|[Link](https://redd.it/yzdvz0)|[4.51](https://youpoll.me/91144/r)
10|[Link](https://redd.it/z59mt7)|[4.65](https://youpoll.me/91709/r)
11|[Link](https://redd.it/zbihk0)|[4.4](https://youpoll.me/92215/r)
12|[Link](https://redd.it/zhuqgq)|[----](https://youpoll.me/92733/r)


---

*This post was created by a bot. Message the mod team for feedback and comments.*
*The original source code can be found on [GitHub](https://github.com/r-anime/holo).*",0.97,468,0,468,t3_zhuqgq
1,1.0,1.0,1.0,,anime,Suggestions for a huge Chainsaw Man fan!,"My current anime/manga obsession is Chainsaw Man! Outside of Fujimoto-sensei's other works, what would you recommend for a huge Chainsaw Man fan?",0.29,0,0,0,t3_zhufcx
2,2.0,2.0,2.0,,anime,Enjoy the plot-fest ;) [Chainsaw Man],,0.07,0,0,0,t3_zhuefw
3,3.0,3.0,3.0,,anime,Tatami galaxy needs a dub,"Its a fast visual show which i have to pause constantly to understand whats happening, i know a lot of you would get angry about this but some show really would be great  with dubs.",0.23,0,0,0,t3_zhudnv
4,4.0,4.0,4.0,,anime,Any more anime with the quality of Bleach TYBW,Im looking for more anime with the same quality as Bleach TYBW... the voice acting and sounds and animation are so good.,0.44,0,0,0,t3_zhu6qk
5,5.0,5.0,5.0,,anime,what kind of paint was used in anime before it went digital?,So is it acrylic or any other thing? Can't find a concrete answer anywhere. Are there old animes that were colored in water?,0.9,15,0,15,t3_zhtz3a
6,6.0,6.0,6.0,,anime,HEAVEN OR BUST: JoJo's Bizarre Adventure Stone Ocean Review (Eps. 25-38) | Castaway Anime Podcast,,0.27,0,0,0,t3_zhtlen
7,7.0,7.0,7.0,,anime,What are the differences between what studio animates a manga?,"Cuse there's like Maapa, Madhouse, JC Studios, and so on. And I see people hoping a new season gets animated by one studio or another. While I'm sure quality is one factor, what are some others?",0.7,9,0,9,t3_zhtlbn
8,8.0,8.0,8.0,,anime,Trigun Stampede Character Visual for Vash the Stampede,,0.95,1158,0,1158,t3_zhtdu1
9,9.0,9.0,9.0,,anime,Uzaki-chan wa Asobitai! œâ - Episode 11 discussion,"*Uzaki-chan wa Asobitai! œâ*, episode 11

Alternative names: *Uzaki-chan Wants to Hang Out! Season 2*

# [Rate this episode here.](https://youpoll.me/92726/)

**Reminder:** Please do not discuss plot points not yet seen or skipped in the show. Failing to follow the rules may result in a ban.

---

**Streams**

* [Crunchyroll](http://crunchyroll.com/uzaki-chan-wants-to-hang-out)
* [Funimation](https://www.funimation.com/shows/uzaki-chan-wants-to-hang-out/)
* [VRV](https://vrv.co/series/GNVHKN7KZ)

**Show information**

* [MyAnimeList](https://myanimelist.net/anime/42962/)
* [AniList](https://anilist.co/anime/124395)
* [AniDB](https://anidb.net/perl-bin/animedb.pl?show=anime&amp;aid=15742)
* [Kitsu](https://kitsu.io/anime/43581)
* [Anime-Planet](https://www.anime-planet.com/anime/uzaki-chan-wants-to-hang-out-2)
* [Official Website](https://uzakichan.com/)
* **/r/UzakiChan**

---

**All discussions**

Episode|Link|Score
:-:|:-:|:-:
1|[Link](https://redd.it/xswt3u)|[4.38](https://youpoll.me/87486/r)
2|[Link](https://redd.it/xyu96w)|[4.58](https://youpoll.me/87953/r)
3|[Link](https://redd.it/y4pigh)|[4.41](https://youpoll.me/88471/r)
4|[Link](https://redd.it/yapbpp)|[4.26](https://youpoll.me/88990/r)
5|[Link](https://redd.it/ygl6q9)|[4.53](https://youpoll.me/89523/r)
6|[Link](https://redd.it/ymuxld)|[4.63](https://youpoll.me/90071/r)
7|[Link](https://redd.it/yt7zgw)|[4.34](https://youpoll.me/90592/r)
8|[Link](https://redd.it/yzclot)|[4.67](https://youpoll.me/91138/r)
9|[Link](https://redd.it/z58cq0)|[4.0](https://youpoll.me/91700/r)
10|[Link](https://redd.it/zbh21b)|[4.5](https://youpoll.me/92209/r)
11|[Link](https://redd.it/zhtcp4)|[----](https://youpoll.me/92726/r)



---

*This post was created by a bot. Message the mod team for feedback and comments.*
*The original source code can be found on [GitHub](https://github.com/r-anime/holo).*",0.95,376,0,376,t3_zhtcp4
10,10.0,10.0,10.0,,anime,Demon Slayer: Kimetsu no Yaiba Swordsmith Village Arc Promotion Reel,,0.88,290,0,290,t3_zhsqre
11,11.0,11.0,11.0,,anime,Demon Slayer Anime's Swordsmith Village Arc Premieres in April With 1-Hour TV Special,,0.88,141,0,141,t3_zhsoxk
12,12.0,12.0,12.0,,anime,Noumin Kanren no Skill Bakka Agetetara Nazeka Tsuyoku Natta | I've Somehow Gotten Stronger When I Improved My Farm-Related Skills - Episode 11 discussion,"*Noumin Kanren no Skill Bakka Agetetara Nazeka Tsuyoku Natta | I've Somehow Gotten Stronger When I Improved My Farm-Related Skills*, episode 11

Alternative names: *I've Somehow Gotten Stronger When I Improved My Farm-Related Skills*

# [Rate this episode here.](https://youpoll.me/92722/)

**Reminder:** Please do not discuss plot points not yet seen or skipped in the show. Failing to follow the rules may result in a ban.

---

**Streams**

* [HIDIVE](https://www.hidive.com/tv/ive-somehow-gotten-stronger-when-i-improved-my-farm-related-skills)

**Show information**

* [MyAnimeList](https://myanimelist.net/anime/51128/)
* [AniList](https://anilist.co/anime/145815)
* [AniDB](https://anidb.net/perl-bin/animedb.pl?show=anime&amp;aid=17222)
* [Kitsu](https://kitsu.io/anime/46270)
* [Anime-Planet](https://www.anime-planet.com/anime/noumin-kanren-no-skill-bakka-agetetara-nazeka-tsuyoku-natta)
* [Official Website](https://nouminkanren.com/)

---

**All discussions**

Episode|Link|Score
:-:|:-:|:-:
1|[Link](https://redd.it/xt7thr)|[2.78](https://youpoll.me/87515/r)
2|[Link](https://redd.it/xyutxc)|[3.0](https://youpoll.me/87955/r)
3|[Link](https://redd.it/y4ogws)|[2.69](https://youpoll.me/88469/r)
4|[Link](https://redd.it/yanyvq)|[3.33](https://youpoll.me/88986/r)
5|[Link](https://redd.it/ygjy59)|[3.25](https://youpoll.me/89516/r)
6|[Link](https://redd.it/ymu7t5)|[2.75](https://youpoll.me/90065/r)
7|[Link](https://redd.it/yt7c75)|[3.0](https://youpoll.me/90590/r)
8|[Link](https://redd.it/yzc1ln)|[3.2](https://youpoll.me/91136/r)
9|[Link](https://redd.it/z57ngm)|[4.36](https://youpoll.me/91698/r)
10|[Link](https://redd.it/zbghwt)|[3.43](https://youpoll.me/92208/r)
11|[Link](https://redd.it/zhsmlc)|[----](https://youpoll.me/92722/r)



---

*This post was created by a bot. Message the mod team for feedback and comments.*
*The original source code can be found on [GitHub](https://github.com/r-anime/holo).*",0.92,96,0,96,t3_zhsmlc
13,13.0,13.0,13.0,,anime,Violet Evergarden Music Rescore,"So I took a scene from Violet Evergarden, muted it, and composed my own music to go with the scene. Tell me what you think :D.",0.38,0,0,0,t3_zhsdzg
14,14.0,14.0,14.0,,anime,What's a Hot Spring? [Outlaw Star],,0.93,176,0,176,t3_zhsbtd
15,15.0,15.0,15.0,,anime,I need Very short anime recommendations,"Ok so I really want to get to 200 anime completed by the end of the year but I am very far behind so I need you to recommend me some short anime (around 1-4 episodes) That I can watch. Please don't tell me to watch specials because that would need me to have watched the base anime before watching the specials and If I haven't seen it then that might be a problem. Also no movies please because I am already going to try watching some movies.   


Here's my [MAL](https://myanimelist.net/profile/Kawakami_Enjoyer)",0.2,0,0,0,t3_zhs34c
16,16.0,16.0,16.0,,anime,Mairimashita! Iruma-kun Season 3 - Episode 10 discussion,"*Mairimashita! Iruma-kun Season 3*, episode 10

Alternative names: *Welcome to Demon School! Iruma-kun Season 3*

# [Rate this episode here.](https://youpoll.me/92721/)

**Reminder:** Please do not discuss plot points not yet seen or skipped in the show. Failing to follow the rules may result in a ban.

---

**Streams**

* [Crunchyroll](http://crunchyroll.com/welcome-to-demon-school-iruma-kun)
* [VRV](https://vrv.co/series/G6NVG970Y)

**Show information**

* [MyAnimeList](https://myanimelist.net/anime/49784/)
* [AniList](https://anilist.co/anime/139092)
* [AniDB](https://anidb.net/perl-bin/animedb.pl?show=anime&amp;aid=16627)
* [Kitsu](https://kitsu.io/anime/45154)
* [Anime-Planet](https://www.anime-planet.com/anime/welcome-to-demon-school-iruma-kun-3)
* [Official Website](https://www.nhk-character.com/chara/iruma/)
* **/r/DemonSchoolIrumakun**

---

**All discussions**

Episode|Link|Score
:-:|:-:|:-:
1|[Link](https://redd.it/xyr346)|[4.41](https://youpoll.me/87947/r)
2|[Link](https://redd.it/y4m995)|[4.68](https://youpoll.me/88467/r)
3|[Link](https://redd.it/yam2ni)|[4.62](https://youpoll.me/88977/r)
4|[Link](https://redd.it/yghuy8)|[4.51](https://youpoll.me/89512/r)
5|[Link](https://redd.it/ymsdku)|[4.81](https://youpoll.me/90059/r)
6|[Link](https://redd.it/yt6k31)|[4.48](https://youpoll.me/90588/r)
7|[Link](https://redd.it/z0yim6)|[4.34](https://youpoll.me/91336/r)
8|[Link](https://redd.it/z573fm)|[4.65](https://youpoll.me/91696/r)
9|[Link](https://redd.it/zbfs9s)|[4.67](https://youpoll.me/92206/r)
10|[Link](https://redd.it/zhs1no)|[----](https://youpoll.me/92721/r)




---

*This post was created by a bot. Message the mod team for feedback and comments.*
*The original source code can be found on [GitHub](https://github.com/r-anime/holo).*",0.98,754,0,754,t3_zhs1no
17,17.0,17.0,17.0,,anime,Who is the most overrated character(Hype and writing wise)?,"Despite him being my current favourite villain/antagonist I have to say Aizen from bleach, he‚Äôs a good antagonist however I‚Äôve seen people claiming that he‚Äôs one the best antagonist in anime and he‚Äôs amazingly written which I disagree, he might be the best in the big 3, however there are most definitely better antagonist than him.

Which character for you is overhyped?",0.22,0,0,0,t3_zhrfhk
18,18.0,18.0,18.0,,anime,Demon Slayer: Kimetsu no Yaiba Swordsmith Village Arc New Visual,,0.98,7701,0,7701,t3_zhrdl1
19,19.0,19.0,19.0,,anime,Demon Slayer: Kimetsu no Yaiba Swordsmith Village Arc to air in April 2023,,0.95,548,0,548,t3_zhrbl4
20,20.0,20.0,20.0,,anime,fire force with Dax joker audio,,0.35,0,0,0,t3_zhr8tm
21,21.0,21.0,21.0,,anime,Please help me find this anime,"I remember two charactersThe first is a girl which had oceanic blue/aqua above shoulder length hair, wore a black puff sleeve shirt and under it was a white button up shirt and she also had a **scythe (?)**The second is a girl which had purple hair and wore **pigtails (?)**It had a cool and unique animation especially since they animated the hair more realistically and the characters were really tall.

It's also a action/magic anime and was released either this year or last year. I tried searching the character description but results didn't come out and I don't really remember the plot.",0.43,0,0,0,t3_zhqz1y
22,22.0,22.0,22.0,,anime,Revenger Anime New Key Visual,,0.94,252,0,252,t3_zhqvfq
23,23.0,23.0,23.0,,anime,Does anyone remember Kaidan Restaurant?,"If so does anyone know where I can watch it? I used to watch it for free on AnimeFreakTV but that was way back when. The folklore and myths they portrayed were so amazingly put together, I think about it all the time! Probably one of my favorite and well put together children‚Äôs thriller anime",0.5,0,0,0,t3_zhqmya
24,24.0,24.0,24.0,,anime,Rabbits Kingdom the Movie Key Visual,,0.78,20,0,20,t3_zhqmj5
25,25.0,25.0,,,anime,What anime has these group of heroes in red suits?,"It was an old show. They had yellow round stuff on their suits as well. I think.

Edit-Solved:- Cyborg 009",0.22,0,0,0,t3_zhqjmo
26,26.0,26.0,,,anime,‚ÄòMushoku Tensei: Jobless Reincarnation‚Äô Season 2 - New Key Visual,,0.96,13727,0,13727,t3_zhqiqn
27,27.0,27.0,,,anime,[Record of Lodoss War: Chronicles of the Heroic Knight] Finished anime #620,"Maybe it's because I'm reading the Lodoss novels in Japanese currently, but I didn't find this series SO bad. Sure it didn't really feature the heroes from the OVAs very much, and the animation was a downgrade. I think they probably spent it all on the OP and ED animation. But if you want to watch something fantasy, you can't go wrong with Lodoss. One thing I didn't like about the show was the stupid chibi sections at the end of the episodes. It's just totally bizarre why it's included. I think it goes with the idea they overspent their budget and needed something to pad the episode.

What are your thoughts on the Lodoss series? Have you read the novels? What are some other fantasy anime you really enjoyed?",0.5,0,0,0,t3_zhq7pv
28,28.0,28.0,,,anime,What anime have slots in their forearm?,"Google isn't helping at finding this Anime.
The mc have, I think 3 slots on his forearm where he could store a ""bakugan style"" ball. He'll take it out to spawn them. 

wait I remember that the fighters also have slots in their forearm. Only 1 arm have slots can't remember which side. 

I think they either died on a dark alley or went in the manhole and got transfered to another dimension. ""They"" because I remember 2 guys I think best friends, and plot twist! they became enemies and fought in an arena. Can't remember who won but both of them have Unique or legendary ""humanoid robot thingy"".",0.25,0,0,0,t3_zhpohh
29,29.0,29.0,,,anime,Harem in the Labyrinth of Another World celebrates succesful BD DVD Sales,,0.86,128,0,128,t3_zhpd8u
30,30.0,30.0,,,anime,I Can't Remember that anime title,It's been a long time since I watched that about the boy/man and his childhood friend mother in the future or present he made/created a girl(she has white hair) to time travel to his highschool day to save his childhood friend(red hair i think)for getting hit in the truck and before that happens she confess her love to the mc back then and mc didnt answer and also the one he created also fall in love in his past self and also kinda sad because she gone in the end that all i remember tell me if u know i wanna rewatch it thank you(also im bad at english sorry),0.29,0,0,0,t3_zhpb1f
31,31.0,31.0,,,anime,"[Fate/Zero] This has to be the smartest, yet dirtiest, play of the series",,0.97,907,0,907,t3_zhp4vo
32,32.0,32.0,,,anime,"Anime Questions, Recommendations, and Discussion - December 10, 2022","This is a daily megathread for general chatter about anime. Have questions or need recommendations? Here to show off your merch? Want to talk about what you just watched?

[This is the place!](https://preview.redd.it/od2qmond1z4a1.png?width=1280&amp;format=png&amp;auto=webp&amp;s=9246561b79226df3f7ebb24ead9715c997911386)

[**All spoilers must be tagged.**](/r/anime/wiki/rules#wiki_tagging_comments) Use `[anime name]` to indicate the anime you're talking about before the spoiler tag, e.g. \[Attack on Titan\] &gt;!This is a popular anime.!&lt;

[Prefer Discord? Check out our server: https://discord.gg/r-anime](https://discord.gg/r-anime)

## Recommendations

Don't know what to start next? [Check our wiki first!](/r/anime/wiki/recommendations)

Not sure how to ask for a recommendation? Fill this out, or simply use it as a guideline, and other users will find it much easier to recommend you an anime!

*I'm looking for:* A certain genre? Something specific like characters traveling to another world?

*Shows I've already seen that are similar:* You can include a link to a list on another site if you have one, e.g. [MyAnimeList](https://myanimelist.net) or [AniList](https://anilist.co).

## Resources

* [Watch orders for many anime](/r/anime/wiki/watch_order)
* [List of streaming sites](/r/anime/wiki/legal_streams) and [find where to watch a specific anime](https://www.livechart.me/search)
* [Looking for the source of an image?](/r/anime/wiki/reverse_image_searching)
* Currently airing anime: [AniChart.net](https://anichart.net/) | [LiveChart.me](https://www.livechart.me) | [MyAnimeList.net](https://myanimelist.net/anime/season)
* [Frequently Asked Anime Questions](/r/anime/wiki/faaq)
* [Related subreddits](/r/anime/wiki/related_subreddits)

## Other Threads

* [¬´ Previous Thread](/comments/zgt14z) | [Next Thread ¬ª](/r/anime/comments/zimqa4/anime_questions_recommendations_and_discussion/)
* [SukaSuka (WorldEnd)](/comments/zcqd6m) ‚Äî Discussion for the selected anime of the week.
* [Week in Review](/comments/zbuu6a) ‚Äî Anime news and threads you might have missed.
* [Watch This! Compilation](/comments/za4rjk) ‚Äî Read recommendations from other users.
* [Casual Discussion](/comments/zggkjc) ‚Äî Off-topic thread for non-anime talk.
* [Meta Thread](/comments/zbuuan) ‚Äî Discussion about /r/anime's rules and moderation.",0.88,32,0,32,t3_zholv4
33,33.0,33.0,,,anime,CONTROL - AMV - ANIME MIX,,0.17,0,0,0,t3_zhok5v
34,34.0,34.0,,,anime,a anime with a goblin mc,is there a anime where the mc is a goblin or just like a low level monster in general kind of like the format of how i got reincarnated as a slime and so what i got reincarnated as a spider . if there is pls tell me,0.25,0,0,0,t3_zhobhg
35,35.0,35.0,,,anime,Isekai Spectrum (Titles in comments),,0.93,1847,0,1847,t3_zhoa8e
36,36.0,36.0,,,anime,Does anyone know why 90's anime shake?,"From the cameras point of view, lots of 90's anime look like the camera is shaking slightly. I'm sure this is something to do with how they were animated and was curious if anyone knows why exactly. And to be clear it isn't a bad thing, it's actually kinda nostalgic for those who watched anime at that time. Rewatching GTO if you want good examples of this.",0.38,0,0,0,t3_zho7kd
37,37.0,37.0,,,anime,Boku no Hero Academia Season 6 - Episode 11 discussion,"*Boku no Hero Academia Season 6*, episode 11

Alternative names: *My Hero Academia Season 6*

# [Rate this episode here.](https://youpoll.me/92714/)

**Reminder:** Please do not discuss plot points not yet seen or skipped in the show. Failing to follow the rules may result in a ban.

---

**Streams**

* [Crunchyroll](http://crunchyroll.com/my-hero-academia)
* [Disney](https://www.disneyplus.com/series/my-hero-academia/1WUo7sgngr1w)
* [Funimation](https://www.funimation.com/shows/my-hero-academia/)
* [Hulu](https://www.hulu.com/series/my-hero-academia-b4859a95-39ba-4051-a550-256c42e70a1d)
* [VRV](https://vrv.co/series/G6NQ5DWZ6)

**Show information**

* [MyAnimeList](https://myanimelist.net/anime/49918/)
* [AniList](https://anilist.co/anime/139630)
* [AniDB](https://anidb.net/perl-bin/animedb.pl?show=anime&amp;aid=16793)
* [Kitsu](https://kitsu.io/anime/45240)
* [Anime-Planet](https://www.anime-planet.com/anime/my-hero-academia-6)
* [Official Website](https://heroaca.com/)
* **/r/BokuNoHeroAcademia**

---

**All discussions**

Episode|Link|Score
:-:|:-:|:-:
1|[Link](https://redd.it/xsr7gn)|[4.0](https://youpoll.me/91126/r)
2|[Link](https://redd.it/xyoim2)|[4.33](https://youpoll.me/91127/r)
3|[Link](https://redd.it/y4jmbi)|[5.0](https://youpoll.me/91128/r)
4|[Link](https://redd.it/yaj9ig)|[----](https://youpoll.me/91129/r)
5|[Link](https://redd.it/ygf8c5)|[----](https://youpoll.me/91130/r)
6|[Link](https://redd.it/ymp9ce)|[----](https://youpoll.me/91131/r)
7|[Link](https://redd.it/yt3en6)|[4.5](https://youpoll.me/91132/r)
8|[Link](https://redd.it/yzax1r)|[4.48](https://youpoll.me/91125/r)
9|[Link](https://redd.it/z53gfg)|[4.57](https://youpoll.me/91690/r)
10|[Link](https://redd.it/zbcjy8)|[4.26](https://youpoll.me/92192/r)
11|[Link](https://redd.it/zho6bf)|[----](https://youpoll.me/92714/r)



---

*This post was created by a bot. Message the mod team for feedback and comments.*
*The original source code can be found on [GitHub](https://github.com/r-anime/holo).*",0.96,2634,0,2634,t3_zho6bf
38,38.0,38.0,,,anime,Looking for recommendations like Your Name and A Silent Voice,"About a year or two ago I started watching a lot of anime movies after watching Your Name, A Silent Voice, and Weathering With You.... and then I ran out :c I saw a trailer for Suzume no Tojimari the other day (gonna hold off on watching that one for a little while) and now I wanna jump back into anime movies that can tear my heart out and leave me emotionally defeated for a week straight.

The ones I watched on my first binge were: I Want to Eat Your Pancreas, Patema Inverted, Ride Your Wave, 5 Centimeters Per Second, Wolf Children, The Girl Who Leapt Through Time, The Garden of Words, and Penguin Highway (...... oh and Fireworks, but didn't like that one)

So any movie recommendations similar to those? I'd love to have a list to randomly pick from. The only recommendations I could find were all movies that were connected to shows I haven't watched, I'd rather have something standalone.",0.6,1,0,1,t3_zhngyr
39,39.0,39.0,,,anime,Watching your principal fight a deer - [Nichijou - My Ordinary Life Ep. 6],,0.97,927,0,927,t3_zhndda
40,40.0,40.0,,,anime,who is second most powerful to cid or second strongest member of shadow eminence or 2nd in power,Is it beta? Or gama idk cid has most power but who is second strongest and who is second highest rank becoz strength doesn't show your rank,0.2,0,0,0,t3_zhn598
41,41.0,41.0,,,anime,The Magical Revolution of the Reincarnated Princess and the Genius Young Lady TV CM#2,,0.92,82,0,82,t3_zhn1td
42,42.0,42.0,,,anime,What are anime that you would consider purchasing the blu-rays/dvds of and why?,"For myself, it has to have rewatch value and it has to be one of my favorites due to nostalgia or hit a deeply personal note in myself.",0.67,7,0,7,t3_zhmw5h
43,43.0,43.0,,,anime,A Snippet of the Naruto Battle Theme ‚ÄúReverse Situation‚Äù ‚Äî on clarinet!,"Full cover here!

https://youtu.be/oTxqnf5RbUI",0.83,43,0,43,t3_zhmuqa
44,44.0,44.0,,,anime,‚ÄúBocchi the Rock!‚Äù is fucking great,"Listen, this is coming from a guy who doesn‚Äôt really care for slice-of-life or CGDCT anime. Out of sheer curiosity and boredom, I checked out ‚ÄúBocchi the Rock!‚Äù and I was pleasantly surprised. 

You can tell almost immediately that this was a passion project. The art is colorful and vibrant, the VAs are fantastic and the humor is objectively hilarious. So much memeable content. Not to mention, the music is pretty damn good too! 

The anime does a great job at making Bocchi very likable and also relatable to anyone with social anxiety. We‚Äôve all been in painfully awkward situations before so you can‚Äôt help but to feel for the girl. You quickly become attached to all of her bandmates too. Very solid cast of characters. 

Is anyone else enjoying this anime? Were you also surprised by how good it is?",0.45,0,0,0,t3_zhmrl9
45,45.0,45.0,,,anime,Three of your favourite anime‚Äôs all mashed up into one awesome amv,,0.15,0,0,0,t3_zhmies
46,46.0,46.0,,,anime,Date A Live Thoughts.,"Yes. I like Date A Live. It's an anime that for some reason I got invested. I get it may not be as popular as other animes, but I find it be a very fun, and quite interesting series.

Also my favorite character is Yoshino. I think she's adorable especailly when she was dressed up as Little Red Ridding Hood that one episdoe, and I can't wait for Season 5.

So yes I say Date A Live is a good series, and I recommend it.",0.71,9,0,9,t3_zhmexe
47,47.0,47.0,,,anime,Yo guys I would like some anime recommendations if possible.,"So basically I really love psychological animes in general and especially the ones who have really intelligent/and psychopaths mcs that manipulate others and calculate every possible outcome etc. The ones I already watched are classroom of the elite, tomodachi game and death note but I would really like to watch some more.",0.57,1,0,1,t3_zhmdv2
48,48.0,48.0,,,anime,"Is there any English platform where I can watch anime with comments flowing through the video, like Niconico?",Just as the title. Niconico: [https://www.nicovideo.jp/](https://www.nicovideo.jp/),0.54,1,0,1,t3_zhmc9a
49,49.0,49.0,,,anime,"What's an anime that is considered to be bad, but you love the soundtrack?","I was introduced to Yuki Kajiura's music when watching Madoka Magica, but SAO was the anime that I enjoyed *because* of the soundtrack and it introduced me to all of the other anime that's mainstream.

I heard that people really liked Guilty Crown's and Akame Ga Kill ost, even though those are considered to be bad anime. 

I'm also watching One Piece, and even though people say that the manga's better, the soundtrack by Tanaka Kohei is slowly becoming one of my favorites (yes, there are other composers, but I haven't watched all the show yet). Each character has their own theme and there's a lot to analyze based on the instrumentation alone.

But what do you think?",0.83,22,0,22,t3_zhlsoy
50,50.0,,,,anime,Suggestion with Comedy animes,"So, me and my two fellas watched Yuru Camp, we finally finished, and we are looking for some more cute looking anime with plenty of cute girls to laugh. Any suggestions? We would like soft and funny animes, if possible slice of life so we can take a break from our jobs and hard times.",0.8,3,0,3,t3_zhlr9s
51,51.0,,,,anime,80s/90s Gritty Anime Recommendations for Christmas Gift for Friend,I'm buying a friend some anime as a Christmas gift. He's been wanting to get into some old school anime. He's a real action nut and loves action movies from the 80s and 90s. Any particular ones you recommend me buying him as a gift?,0.75,2,0,2,t3_zhlmau
52,52.0,,,,anime,Making a guess of what crunchyroll anime of the year will be,"I'm gonna be honest, I don't like crunchyroll. But since this is the only awards ceremony given to anime that I know of, I kinda have to participate. Based on what crunchyroll put out for nomination requirements, I'll try to guess the nominations as well as the ultimate winner.

Here are the most popular anime this year that were licensed by crunchyroll:

Ousama Ranking, Demon Slayer, Komi-San, Attack on Titan,  My Dress Up Darling, Kaguya Sama, Spy x Family, and Lycoris Recoil

&amp;#x200B;

Since there are only 6 nominees, I will choose the 6 most popular of these anime:

Attack on Titan, My Dress Up Darling, Kaguya Sama, Spy x Family, Lycoris Recoil, and Demon Slayer

&amp;#x200B;

Based on the cgi controversy, I doubt AOT will win. Demon Slayer and Kaguya Sama are unfortunately a bit older, so they lose to recency bias. That leaves My Dress Up Darling, Spy x Family(recency bias due to season 2), and Lycoris Recoil. This is where the prediction gets difficult. My Dress Up Darling somehow withstood the test of time with waifu power alone, so that's an anomaly, and while I think more people know about Spy x Family, Lycoris Recoil was deemed a masterpiece by everyone who did watch it. I think it will be a close match between the latter 2, but I believe Spy x Family will squeak out the victory.

Btw, this is NOT my personal favorite anime of the year(that award goes to Made in Abyss Season 2, WHICH ISNT ON CRUNCHYROLL FOR SOME REASON), this is just my prediction on who will win the popularity contest that is the crunchyroll anime awards 

https://preview.redd.it/21e4iowsd05a1.png?width=1124&amp;format=png&amp;auto=webp&amp;s=de427272876ebc2077c9d810131d8f6a1af0736c",0.76,22,0,22,t3_zhkpcp
53,53.0,,,,anime,Romantic animes recommendations (movies or series),"Soo‚Ä¶ I just finished watching ‚ÄúYour name‚Äù and I freaking cried my heart out üòÇ, I‚Äôm kind of new in the whole anime community (I have seen Ore Monogatari, My dress up darling, Much of Naruto and a little bit of other stuff as well), but man, romantic anime movies/series are insane! They really touch a nerve and make you feel things.
I was wondering, do any of you have any recommendations as to romantic anime movies/series just like ‚ÄúYour name‚Äù, ‚ÄúOre Monogatari‚Äù, ‚ÄúMy dress up darling‚Äù, and stuff? I would really appreciate some recommendations, apparently I really enjoy crying ü§£. Thanks guys, I appreciate it.",0.5,0,0,0,t3_zhkl72
54,54.0,,,,anime,What is your favorite scene from chainsaw man anime so far?,"Please  don't read any further if you have not yet seen the episodes.  Spoilers  are heavy hitters for this show, and I don't want to spoil anyone.

There has  been some pretty sick moments that really stood out for me.  I would  like to hear what people think is the best scene in the anime.

You can comment your favorite scene, or you can comment your top five.

For  me, my favorite scene in the chainsaw man anime is when  the ghost devil was summoned at the end of episodes 8.  I just think it  was so well done.  I really liked the music, and the CGI when Katana man  turned around to face it.  (it's the first time I really loved a CGI  scene)

Everyone is different, so I would like to hear what are other people's favorite scenes were.",0.4,0,0,0,t3_zhkgtv
55,55.0,,,,anime,What is your favorite anime and why?,I have been trying to figure out what my favorite anime was so I wanted to see what other peoples were and their reasoning for it,0.84,32,0,32,t3_zhk5vi
56,56.0,,,,anime,Longest-Running Animated Show In The World,"Anime has existed for a long time. Some of them take it rather literally. Several anime programmers¬†have over 1,000 episodes to their credit. As a result, some of the longest shows in history were created. If you want to watch some excellent anime shows or simply satisfy your curiosity, you've come to the perfect place. [Read More Here...](https://www.makeyourselfknowledgeable.com/2022/11/longest-running-animated-show-in-world.html)",0.29,0,0,0,t3_zhjw4k
57,57.0,,,,anime,Magic based anime to watch,"Looking for a substantial magic based anime that‚Äôs not black clover, seven deadly sins or magi. Maybe something similar to the Fate series.  Definitely looking for action and a ruthless world setting. A world similar to the direness of dark souls where you die in just a few hits if the characters are careless. One of the reasons I‚Äôm asking is because I am currently writing my own manga/anime and I don‚Äôt want to write something that‚Äôs already been used",0.5,0,0,0,t3_zhjpgf
58,58.0,,,,anime,"I'm just really proud of the character design critique I made in this post so I wanted to make it a post to pseudo-brag about it. Btw, this is a post about Re:zero and my opinion of it","**(Has a few spoilers for things past the anime.)**  


I think Re:zero is a 7 overall and if you're really into the characters probably a 8. But I've got real picky tastes so me calling Re:zero 10/10 would be equivalent of saying it's so good that I can't even imagine a way it could be better.

Here's a few of my reasons. 

Re:zero (No matter how good you think it is.) is still a LN isekai. And so it contains a lot of same tropes that are really just their to make horny teenagers/adults buy it.

Easy example, the designs. Look at Emilia. Boobs are showing, skirt is ridiculously low (Like seriously some mini-skirt are longer then this), and for some odd reason the elbows are showing. (Hint it's erotic for some folk.)

Now I won't deny that the design is still good. Her clothes are regal and the white does a good job of symbolizing her purity, and maybe you could say that the open nature of her clothing gives a sense of youngness or jovial nature.

Even then, it's obvious that shit like the boob-window, short skirt, and elbows are made to be hot/sexy/cute/whatever. Why is this a problem? Because of the context/character Emilia is. If Emilia was some party girl or somewhat slutty girl or whatever combination you imagine that makes this then this design would make sense. And I'd defend it assuming other characters were given designs that fit who they are.

But Emilia's design does not make sense if we include her Character's situation and who she is (And the person that dressed her.). First off Emilia has no real friends at the start of the series, she literally does not know what sex is, and in arc 1-3 actively pushes people away either because she thinks she's trouble for them or that they inherently dislike her.

This character also has body image issues. (Can't look at mirrors, doubts Subaru whenever he compliments her on her beauty, looks like Re:zero version of satan.) She is not the type to want to show off her body, if anything she'd actively pick clothes that would not be eye-catching/cover her up either to avoid attention or to not disturb others with her body.

This is why I can safely say that Emilia's character design does not have Boob-windows or short skirts or exposed elbows because it's part of representing who Emilia is, or who she's forced to be. But because they knew a hot girl showing her tits on the cover would generate more sales.

(And yes you could use puck as a excuse but that's what it is, a excuse, because even when he's gone Emilia still wears that outfit. And its weird to think Puck would choose clothes that would actively make Emilia uncomfortable. And it becomes weirder/creepy when you realize this is pretty much a 14 year old being dressed by a 400 hundred year old to look like a 18 year old trying to get some dick.)

This is why I can not take most female designs in this series seriously, Elsa is the most atrocious example of this. She straight up looks out of a exotic porno and I'm suppose to be scared of her? No. I have never been scared by Elsa and I can safely say her design plays a big role in that.

And while the men are less obvious it is a bit funny to think that hardened combatants who've trained their entire lives like Julius look like pretty boys, and yes you could say that its intentional to his design in representing how perfect/flawless as a knight he is. But with how they treat the females? I'm not gonna give the story that sorta luxury.

Why do I hone in so much on the designs? Well it's because their one of the most objective show cases of a big problem in Re:zero. Which is that a lot of decisions in this story aren't that well thought out and are only their to either sell merch or keep the narrative that the author is trying to push. You'd think the latter would be a good thing, after all the narrative of Re:zero is why you're reading the story. And every narrative has some level of, (Well couldn't they do this instead? Why did this happen?) the problem is that a narrative which has too much of that can easily break suspension of disbelief and make the story feel forced/not natural/fucking bad.

Here's a few examples.

Remember when Elsa and Subaru were fighting and Subaru was able to block hits and not get speed blitz? Even though Subaru at this point is pretty much just a athletic human and Elsa is a faster then sound assassin?

The excuse Tappei gave is that Elsa was playing around with Subaru, but the truth is that he just didn't know how strong Elsa or anyone else in his series would end up being at that point. How do I know? Because when Reinhard shows up, takes care of Elsa, and then has Elsa have one final charge at Emilia. And Subaru is still able to keep up. Reinhard isn't able to get their in time/stop Elsa even though his way way way faster. (And you can't even say he was caught-off guard because the anime literally depicts him running to stop Elsa.)

It's obvious that Tappei either didn't know how OP Elsa would be or just didn't care about the massive power difference between Subaru, Elsa, and Reinhard. (I'm sure if you were meticulous enough you could apply this logic to plenty of fights in Re:zero.)

RBD and Subaru's painful deaths/torture is kept a secret. Which makes him feel alone and adds a bit of tragedy to his victories. (This solitude is especially true earlier on.) But Subaru can't talk about any of his deaths because he can't tell anyone he has RBD... but like we know Subaru can share information/use knowledge he learned in RBD to help others.

So like...

Why can't he say he has a ability that allows him to see into a possible future?

Or that his been cursed with a horrible magic that makes him every once in a while suffer fake but extremely painful deaths?

Or like a billion other explanations that would allow him to share his pain while preserving the secrecy of RBD? And yes at certain points Subaru probably doesn't even want to talk about his deaths to not burden his friends. But at other points he definitely wants to share at least some of the pain he feels.

Do we ever get Subaru trying multiple tactics to share his pain with others and failing either because no one believes him or the witch of envy stops him at ever turn? Nah. It's just impossible to share his pain, because if he could then a big drama in the series would be resolved. And the author either hasn't realized either how many ways Subaru still has to convey his pain or just doesn't care to try to showcase why it's impossible to do so.

Which in my opinion, makes the whole drama a bit stupid.

Subaru has had plenty of time in Re:zero in which his not under constant threat. And is technically rich (Roswaal would buy him whatever.) So like... this dude even after a full year of down time could not find a quicker and less painful way of dying then the ones his given on a sometimes daily basis? And when he does it's a painful poison (Arc 7) because he ""Doesn't want to get used to dying?"" Like he doesn't already shrug off fucking getting stabbed to death? 

The real reason is that it's a excuse for Subaru to die in whatever way the author wants him to die because if Subaru HAD a easy + painless way to die then he'd do it in a heart beat over getting eaten alive or frozen to death.

And I could go on and on and on and on about all the sorts of contrived reasons to why certain story decisions are made. But I hope know you can at least get some of the flaws of Re:zero. Or at least the flaws I see in it.",0.24,0,0,0,t3_zhjlon
59,59.0,,,,anime,recommendation based on the game god of war,"I really enjoy both anime and the god of war series 

I'd love to hear recommendations based on this information 

I'm trying to find an anime series incredibly similar to that of god of war",0.8,3,0,3,t3_zhj83m
60,60.0,,,,anime,Question to new episodes of Jojo,"Why do the new episodes not show how they break out of the Jail in Jojo on Netflix? I mean, we waited for the next episodes, it paused when they said that they wanna break out of the jail. New episodes come out and they not even show it. Is there even something in the manga or nothing?",0.44,0,0,0,t3_zhj3zw
61,61.0,,,,anime,All of your co-workers are suddenly replaced with your favourite anime.,Who would they be and how would it facilitate your job? Tell me how you think an average day would be like.,0.22,0,0,0,t3_zhik53
62,62.0,,,,anime,Shadowverse Flame - Episode 36 discussion,"*Shadowverse Flame*, episode 36



# [Rate this episode here.](https://youpoll.me/92699/)

**Reminder:** Please do not discuss plot points not yet seen or skipped in the show. Failing to follow the rules may result in a ban.

---

**Streams**

* [Crunchyroll](http://crunchyroll.com/shadowverse)
* [VRV](https://vrv.co/series/GYEX244X6/Shadowverse)

**Show information**

* [MyAnimeList](https://myanimelist.net/anime/50060/)
* [AniList](https://anilist.co/anime/140085)
* [AniDB](https://anidb.net/perl-bin/animedb.pl?show=anime&amp;aid=16855)
* [Anime-Planet](https://www.anime-planet.com/anime/shadowverse-flame)
* [Official Website](https://anime.shadowverse.jp/)
* **/r/Shadowverse**

---

**All discussions**

Episode|Link|Score|Episode|Link|Score|Episode|Link|Score
:-:|:-:|:-:|:-:|:-:|:-:|:-:|:-:|:-:
1|[Link](https://redd.it/tu9noj)|[3.33](https://youpoll.me/74646/r)|14|[Link](https://redd.it/vphzyq)|[5.0](https://youpoll.me/81236/r)|27|[Link](https://redd.it/xyh6da)|[5.0](https://youpoll.me/87931/r)
2|[Link](https://redd.it/tzjm26)|[5.0](https://youpoll.me/74988/r)|15|[Link](https://redd.it/vurh3o)|[5.0](https://youpoll.me/81822/r)|28|[Link](https://redd.it/y4cbtb)|[5.0](https://youpoll.me/88438/r)
3|[Link](https://redd.it/u4o0cx)|[5.0](https://youpoll.me/75338/r)|16|[Link](https://redd.it/w05zio)|[5.0](https://youpoll.me/82356/r)|29|[Link](https://redd.it/yabuvl)|[5.0](https://youpoll.me/88951/r)
4|[Link](https://redd.it/u9va9z)|[5.0](https://youpoll.me/75691/r)|17|[Link](https://redd.it/w5sjsg)|[5.0](https://youpoll.me/82899/r)|30|[Link](https://redd.it/yg7o1k)|[5.0](https://youpoll.me/89499/r)
5|[Link](https://redd.it/uf1lqd)|[5.0](https://youpoll.me/76220/r)|18|[Link](https://redd.it/wbmljo)|[5.0](https://youpoll.me/83458/r)|31|[Link](https://redd.it/ymhu59)|[5.0](https://youpoll.me/90034/r)
6|[Link](https://redd.it/uk3lx7)|[5.0](https://youpoll.me/76714/r)|19|[Link](https://redd.it/whd8jl)|[5.0](https://youpoll.me/83962/r)|32|[Link](https://redd.it/ysvhnv)|[5.0](https://youpoll.me/90564/r)
7|[Link](https://redd.it/up7kee)|[5.0](https://youpoll.me/77198/r)|20|[Link](https://redd.it/wn32sd)|[5.0](https://youpoll.me/84355/r)|33|[Link](https://redd.it/yz2gym)|[5.0](https://youpoll.me/91090/r)
8|[Link](https://redd.it/uudpfj)|[5.0](https://youpoll.me/77688/r)|21|[Link](https://redd.it/wsvz4g)|[5.0](https://youpoll.me/84783/r)|34|[Link](https://redd.it/z4ww9n)|[5.0](https://youpoll.me/91674/r)
9|[Link](https://redd.it/uzdx3l)|[5.0](https://youpoll.me/78331/r)|22|[Link](https://redd.it/wyr9g8)|[5.0](https://youpoll.me/85233/r)|35|[Link](https://redd.it/zb6jxg)|[5.0](https://youpoll.me/92180/r)
10|[Link](https://redd.it/v4f85o)|[5.0](https://youpoll.me/79000/r)|23|[Link](https://redd.it/x4jery)|[5.0](https://youpoll.me/85652/r)|36|[Link](https://redd.it/zhhrrj)|[----](https://youpoll.me/92699/r)
11|[Link](https://redd.it/v9nv2g)|[5.0](https://youpoll.me/79618/r)|24|[Link](https://redd.it/xadrzf)|[5.0](https://youpoll.me/86101/r)
12|[Link](https://redd.it/veweo8)|[5.0](https://youpoll.me/80171/r)|25|[Link](https://redd.it/xgaccw)|[5.0](https://youpoll.me/86578/r)
13|[Link](https://redd.it/vk4v5t)|[5.0](https://youpoll.me/80679/r)|26|[Link](https://redd.it/xmgo8h)|[5.0](https://youpoll.me/87012/r)

---

*This post was created by a bot. Message the mod team for feedback and comments.*
*The original source code can be found on [GitHub](https://github.com/r-anime/holo).*",0.76,7,0,7,t3_zhhrrj
63,63.0,,,,anime,Any harem stories where the guy marries all of the girls?,"It can be anime, manga, light novels or something else. As long as the hero marries (or chooses) all of the girls by the ending (and they're okay with that), it applies. Are there any good suggestions?",0.46,0,0,0,t3_zhhn0m
64,64.0,,,,anime,Help finding an anime bi description of a scene,"Hello, I'm new, I need help finding an anime but the only thing I have is a memory from my childhood:

A bad guy kidnapped a woman/girl and flew or ran her to a cathedral where he went in front of the cross, turned to the door to greet the hero coming through the door and then the bad guy grows his claws and cuts the woman's/girl's chest from top to bottom, spurting out a lot of blood.

I don't know what happened next because someone changed the channel.
I think it was in 2002.

I want to know what happened next. I recently remembered that scene and the intrigue is killing me. Help T.T",0.38,0,0,0,t3_zhh7cd
65,65.0,,,,anime,Are there any anime characters with split blue or pink hair?,"Are there any anime characters with split blue or pink hair? I‚Äôm specifically thinking pastels. 

It doesn‚Äôt matter the gender either. 

The hair texture doesn‚Äôt matter either, but I‚Äôm specifically thinking extremely fluffy; much like Rill Boismortier. Thanks.",0.43,0,0,0,t3_zhgvwy
66,66.0,,,,anime,Secret Relationship / Marriage," Secret Relationship or Marriage. 

 I need help finding  animes where the Main leads secretly married or dating .

Thank you in advance.",0.6,1,0,1,t3_zhgvra
67,67.0,,,,anime,Any anime watch parties or recommendations,"Hi!!! I‚Äôve only been getting into anime kinda recently and haven‚Äôt had that much luck finding good ones I like. I love death note a lot, mob psycho, Madonna Magica, and fairytale.
Are there any similar animes that you recommend??

Also have been wanting to start or join a watch party thing where we both watch an episode on the same day than discuss, so if u have any animes u still wanna watch or are in a watch party thing like that please tell me!!",0.67,1,0,1,t3_zhgnxe
68,68.0,,,,anime,What's the deal with the beginning of GuP,"So I was pretty bored and decided to rewatch Girls Und Panzer, at least the series. Now I really do love Girls und Panzer I mean WW2 tanks and anime is a match made in heaven at least for me and there isn't really anything wrong except with the countless goofy tank physics like a BT-42 balancing on its wheels (yeah no tracks) while shooting a Pershing but then again if it was realistic it wouldn't be fun to watch. When rewatching the series I found something I couldn't really explain. Now in the very first moments of the first episode we have a segment in which Ooarai the main school we follow, face off against Gloriana Girls College and during the battle its essentially an introduction to all of our characters nothing bad right? Well it turns out it was all a dream of some sort and for first time watchers they don't necessarily care I mean I didn't the first time. But when we have the actual battle the same segment occurs. From the cinematic to the ending which begs the question, why was it even there in the first place. Unless there's some supernatural force or Matrix type stuff going on there isn't necessarily a ""logical"" explanation. I mean I guess Deja Vu can come into play but it's never really mentioned at all and trust me I tried looking. So if anyone and I mean ANYONE can explain to me why that happened do let me know.",0.44,0,0,0,t3_zhge8l
69,69.0,,,,anime,"Tip of my Tongue: Potentially fantasy anime where the protagonists fight monsters, but the monsters/bad guys turn into cards when killed","I think the protagonists could also use the cards to gain the powers of the monsters. I think they could mix-match the powers but in unsure. 

Had old hand drawn animation. I think I watched it on Jetix as a kid, but I‚Äôm not certain. 

It‚Äôs not Chaotic.",0.83,4,0,4,t3_zhgcs4
70,70.0,,,,anime,Anything else like RIN: Daughers of Mnemosyne?,"On MAL its suggested to watch Elfen Lied and Kara no Kyokai, did both. 

What I am looking for the most is some sci-fi elements, **heavy woman lead,** mystery and occasional action rather than action-based stuff.

I have seen Phantom of Inferno from titles that come to mind in this type of setting. 

Help!",0.75,4,0,4,t3_zhg592
71,71.0,,,,anime,How dogs fight bears [Ginga Nagareboshi Gin],,0.98,2141,0,2141,t3_zhfjw3
72,72.0,,,,anime,I made a Synthwave version of Saitama‚Äôs theme from ‚Äúone punch man‚Äù,,0.76,46,0,46,t3_zhfadc
73,73.0,,,,anime,More off the wall/insane/stupid animes?,"I'm talking like Excel Saga, A-ho Girl... I guess to a certain extent Dragon Half, or Kemeko DX, but looking for more crazy/insane/stupid rather than satirical.",0.69,6,0,6,t3_zhe8hy
74,74.0,,,,anime,Gunma-chan - Episode 7 discussion,"*Gunma-chan*, episode 7



# [Rate this episode here.](https://youpoll.me/92692/)

**Reminder:** Please do not discuss plot points not yet seen or skipped in the show. Failing to follow the rules may result in a ban.

---

**Streams**

*None*

**Show information**

* [MyAnimeList](https://myanimelist.net/anime/49184/)
* [AniList](https://anilist.co/anime/133510)
* [AniDB](https://anidb.net/perl-bin/animedb.pl?show=anime&amp;aid=16416)
* [Anime-Planet](https://www.anime-planet.com/anime/gunma-chan)
* [Official Website](https://gunmachan-official.jp/animation/)

---

**All discussions**

Episode|Link|Score
:-:|:-:|:-:
1|[Link](https://redd.it/sueoxr)|[3.0](https://youpoll.me/73017/r)
2|[Link](https://redd.it/tofmr8)|[----](https://youpoll.me/74383/r)
3|[Link](https://redd.it/ujs20r)|[----](https://youpoll.me/76686/r)
4|[Link](https://redd.it/vxqj37)|[----](https://youpoll.me/82147/r)
5|[Link](https://redd.it/xrdxvb)|[1.0](https://youpoll.me/87375/r)
6|[Link](https://redd.it/z0k6pt)|[----](https://youpoll.me/91291/r)
7|[Link](https://redd.it/zhe65a)|[----](https://youpoll.me/92692/r)







---

*This post was created by a bot. Message the mod team for feedback and comments.*
*The original source code can be found on [GitHub](https://github.com/r-anime/holo).*",0.62,2,0,2,t3_zhe65a
75,,,,,,I don't understand Isekais,"I have trouble likeing Isekais, the only one I really liked where Rising of the Shield hero and Sword Art Online, Konosuba. I find the genre very repetitive, and I feel like every show in the genere is just the same thing with a different coat of paint. Mainly because it seems to follow the same exact formula  
\- Otaku gets sent to another world   
\-They have no other skill but gaming knowledge which some how works because the world they are in runs off it  
\-They become overpowered  
\-They get harem  
\-Enemies are generic evil demon lord that needs to be defeated  
\- set in genereic midevil fantasy world.  


I find it very just boring, and I want something new and exciting then an overpowered otaku fantasy.   


Is there any anime that breaks this mold and also what is your thoughts on the genre",0.38,0,0,0,t3_zhe5x8
76,,,,,,What Are The Best Relaxing Anime That Are Also Not Boring?,"I‚Äôm looking for good anime that are both relaxing and entertaining to watch. I liked Yuru Camp when I saw it a few years back, I wish there was another season of it. I really liked it as it had no fan service, characters that had a developing arc between them with the wholesome friendships, and the beautiful music. Anime like this are what I‚Äôm looking for. I don‚Äôt really like completely episodic shows so that‚Äôs why I am asking for shows with some form of storyline like Yuru Camp has with good characters as well as good character relationships.",0.78,20,0,20,t3_zhdyr6
77,,,,,,Dragonball's worldbuilding is just as impressive as one piece,"While one piece is considered the god of worldbuilding in the anime community, I do feel we overlook how Dragonball ( especially OG) Setup it's worldbuilding. Fantasy setting, futuristic settings and even present setting all flow seamlessly well together coupled with aliens and gods and the History behind them.",0.35,0,0,0,t3_zhdxsw
78,,,,,,I'm disappointed with the shield hero,"I really like Rising of the Shield Hero when it came out, I thought it was a different to a lot of Isekais that came out at the time. Watching the new season just feels like I'm watching any generic isekai and it just annoys me.",0.86,403,0,403,t3_zhdtg8
79,,,,,,"[Rewatch] The Melancholy of Haruhi Suzumiya - Episodes 12, 13, 14, and 15","**Episode Title:**  Endless Eight I, II, III and IV

**MyAnimeList:** [Suzumiya Haruhi no Yuuutsu](http://myanimelist.net/anime/849/Suzumiya_Haruhi_no_Yuuutsu)

**Legal Stream:** [Crunchyroll](https://www.crunchyroll.com/series/GRGG7701R/the-melancholy-of-haruhi-suzumiya) | [Funimation](https://www.funimation.com/shows/the-melancholy-of-haruhi-suzumiya/?qid=1678315e35c8fdbe) | [Netflix](https://www.netflix.com/la/title/81056036) (SEA)

***

**PSA:** make sure to mark any spoilers using the subreddit markup. We dont need any random spoilers to ruin the show for first time watchers.

[No spoilers](#haruhiisnotamused)

***

**Today's Episode Intro:** kyon-kun denwa

[Tomorrow's Episode Intro]&gt;!kyon-kun denwa!&lt;


***

[Index/schedule](https://old.reddit.com/r/anime/comments/yyyhm5/the_melancholy_of_haruhi_suzumiya_rewatch/)

Date | Episode
---|---
11/28 |  [The Melancholy of Haruhi Suzumiya I](https://old.reddit.com/r/anime/comments/z7d90v/rewatch_the_melancholy_of_haruhi_suzumiya_episode/)
11/29 |  [The Melancholy of Haruhi Suzumiya II](https://old.reddit.com/r/anime/comments/z8apw7/rewatch_the_melancholy_of_haruhi_suzumiya_episode/)
11/30 |  [The Melancholy of Haruhi Suzumiya III](https://old.reddit.com/r/anime/comments/z97w35/rewatch_the_melancholy_of_haruhi_suzumiya_episode/)
12/1 |  [The Melancholy of Haruhi Suzumiya IV](https://www.reddit.com/r/anime/comments/za4p0a/rewatch_the_melancholy_of_haruhi_suzumiya_episode/)
12/2 |  [The Melancholy of Haruhi Suzumiya V](https://old.reddit.com/r/anime/comments/zb29lj/rewatch_the_melancholy_of_haruhi_suzumiya_episode/)
12/3 |  [The Melancholy of Haruhi Suzumiya VI](https://old.reddit.com/r/anime/comments/zbuuli/rewatch_the_melancholy_of_haruhi_suzumiya_episode/)
12/4 |  [The Boredom of Haruhi Suzumiya](https://old.reddit.com/r/anime/comments/zcqdbx/rewatch_the_melancholy_of_haruhi_suzumiya_episode/)
12/5 |  [Bamboo Leaf Rhapsody](https://old.reddit.com/r/anime/comments/zdouea/rewatch_the_melancholy_of_haruhi_suzumiya_episode/)
12/6 |  [Mysterique Sign](https://old.reddit.com/r/anime/comments/zemi1o/rewatch_the_melancholy_of_haruhi_suzumiya_episode/)
12/7 |  [Remote Island Syndrome I](https://old.reddit.com/r/anime/comments/zfimoq/rewatch_the_melancholy_of_haruhi_suzumiya_episode/)
12/8 |  [Remote Island Syndrome II](https://old.reddit.com/r/anime/comments/zggkhd/rewatch_the_melancholy_of_haruhi_suzumiya_episode/)
12/9 |  Endless Eight **I, II**, III and IV
12/10 |  Endless Eight V, VI, VII and **VIII**
12/11 |  The Sigh of Haruhi Suzumiya I
12/12 |  The Sigh of Haruhi Suzumiya II
12/13 |  The Sigh of Haruhi Suzumiya III
12/14 |  The Sigh of Haruhi Suzumiya IV
12/15 |  The Sigh of Haruhi Suzumiya V
12/16 |  Mikuru Asahinas's Adventures Episode 00
12/17 |  Live Alive
12/18 |  The Day of Sagittarius
12/19 |  Someday in the Rain
12/20 |  The Melancholy of Haruhi Suzumiya Series General Discussion]
12/21 |  The Disappearance of Haruhi Suzumiya
12/22 |  Haruhi Suzumiya Overall Discussion

---

**Question(s) of the day:**

What do you believe might end the loop?

Whose outfits are the best?

&amp;nbsp;

**Tomorrows QOTDs**

[haruhi]&gt;!What's the biggest problem procrastinating on your homework has given you?!&lt;


---
Tomorrow we will be watching the final 4 episodes of Endless Eight. If time allows, it is ***highly recommended*** that you watch all episodes. If time is a concern, only the episodes bolded are considered ""Must Watches"" (though 5 or 7 are good ones to watch also).",0.86,66,0,66,t3_zhd4fy
80,,,,,,Just finished re:life looking for something similar but maybe more romantic progress?,"I watched banished from the healers party as well and it was super refreshing to actually see a romance that uh... Progresses?

I tried familiar of zero but uh..... Definitely not for me I was trying to get a little action and romance and this just kind of failed horribly for me.",0.8,6,0,6,t3_zhd2gz
81,,,,,,Looking for some series with electric massage (denki anma),"Hi anyone know any manga , anime , hentai , doujin , visual novels   
where the MC is woken up by sister or childhood friend with a electric massage (denki anma)? or is given a denkianma by girls at all?   


already know Mandagi-san",0.4,0,0,0,t3_zhd1d5
82,,,,,,Where do I find dubbed Ergo Proxy but with English CC/subtitles?,I wanna watch Ergo Proxy but in the dubbed version with subtitles so I can analyse the series a little further. I however can‚Äôt seem to find a site that provides a dubbed version with subtitles too.,0.5,0,0,0,t3_zhcjgy
83,,,,,,Please help me find the Sauce?,"&amp;#x200B;

https://preview.redd.it/mwnoeq8njy4a1.png?width=1081&amp;format=png&amp;auto=webp&amp;s=698436c53597003614390d7953dcac7bfb6cadc2",0.5,0,0,0,t3_zhcgso
84,,,,,,Looking for a horror anime with magical themes,"I‚Äôm looking for a horror/psychological thriller anime with dark magic themes and spirits, set in ancient Japan. I remember watching an anime like that and I remember a character with long white hair in a garden like setting, though I‚Äôm not very sure. Characters were dressed in kimonos. Would be very glad if you help me find it!",0.5,0,0,0,t3_zhbxjx
85,,,,,,Spy x Family (the anime) is failing Yor,"Disclaimer: I have been enjoying S2 of the show so far (except the 2 most recent episodes. I‚Äôm just not a fan of the obsessed Love interest 2 trope) and have always enjoyed our main trio. 

But I feel like Yor‚Äôs potential is being wasted. Her narrative arc thus far has been trying to be a better mother/wife primarily thru being a better cook. And while that in itself is interesting, it has gotten kind of trite to met at this point. There is an entire other dimension to her character (namely her assassin persona) that has yet to be really explored yet. Maybe we get more of it in S3 but it just feels odd that we‚Äôre closing on the end of the S2 and it‚Äôs still the same shtick from last season where, when compared against Twilight who has also had the whole trying to be a better dad arc but we also get to see the spy side of him. It just feels like Twilight is the star and Yor is relegated to being a mom when she‚Äôs clearly much more than that. And to me it just makes things more uninteresting

I also haven‚Äôt watched the latest episode. Maybe this gets addressed there",0.65,85,0,85,t3_zhbtt9
86,,,,,,[Rewatch] Cardcaptor Sakura Rewatch Announcement/Index Thread,"After the great response to the [interest thread](https://www.reddit.com/r/anime/comments/za31ij/rewatch_cardcaptor_sakura_rewatch_interest_thread/), I'm officially announcing the Cardcaptor Sakura rewatch. As mentioned, it will run from January 22 to May 5 with threads going up at 11PM UTC.

Let me know if you want notifications for the reminder threads below.

The schedule is:

**Season 1**

|Episode|Date|
:--|:--|
|1|Sun 22 Jan 23|
|2|Mon 23 Jan 23|
|3|Tue 24 Jan 23|
|4|Wed 25 Jan 23|
|5|Thu 26 Jan 23|
|6|Fri 27 Jan 23|
|7|Sat 28 Jan 23|
|8|Sun 29 Jan 23|
|9|Mon 30 Jan 23|
|10|Tue 31 Jan 23|
|11|Wed 1 Feb 23|
|12|Thu 2 Feb 23|
|13|Fri 3 Feb 23|
|14|Sat 4 Feb 23|
|15|Sun 5 Feb 23|
|16|Mon 6 Feb 23|
|17|Tue 7 Feb 23|
|18|Wed 8 Feb 23|
|19|Thu 9 Feb 23|
|20|Fri 10 Feb 23|
|21|Sat 11 Feb 23|
|22|Sun 12 Feb 23|
|23|Mon 13 Feb 23|
|24|Tue 14 Feb 23|
|25|Wed 15 Feb 23|
|26|Thu 16 Feb 23|
|27|Fri 17 Feb 23|
|28|Sat 18 Feb 23|
|29|Sun 19 Feb 23|
|30|Mon 20 Feb 23|
|31|Tue 21 Feb 23|
|32|Wed 22 Feb 23|
|33|Thu 23 Feb 23|
|34|Fri 24 Feb 23|
|35|Sat 25 Feb 23|
|Movie 1|Sun 26 Feb 23|

**Season 2**

|Episode|Date|
:--|:--|
|36|Wed 1 Mar 23|
|37|Thu 2 Mar 23|
|38|Fri 3 Mar 23|
|39|Sat 4 Mar 23|
|40|Sun 5 Mar 23|
|41|Mon 6 Mar 23|
|42|Tue 7 Mar 23|
|43|Wed 8 Mar 23|
|44|Thu 9 Mar 23|
|45|Fri 10 Mar 23|
|46|Sat 11 Mar 23|
|Arc 1 Discussion|Sun 12 Mar 23|

**Season 3**

|Episode|Date|
:--|:--|
|47|Tue 14 Mar 23|
|48|Wed 15 Mar 23|
|49|Thu 16 Mar 23|
|50|Fri 17 Mar 23|
|51|Sat 18 Mar 23|
|52|Sun 19 Mar 23|
|53|Mon 20 Mar 23|
|54|Tue 21 Mar 23|
|55|Wed 22 Mar 23|
|56|Thu 23 Mar 23|
|57|Fri 24 Mar 23|
|58|Sat 25 Mar 23|
|59|Sun 26 Mar 23|
|60|Mon 27 Mar 23|
|61|Tue 28 Mar 23|
|62|Wed 29 Mar 23|
|63|Thu 30 Mar 23|
|64|Fri 31 Mar 23|
|65|Sat 1 Apr 23|
|66|Sun 2 Apr 23|
|67|Mon 3 Apr 23|
|68|Tue 4 Apr 23|
|69|Wed 5 Apr 23|
|70|Thu 6 Apr 23|
|Movie 2 + Anniversary|Fri 7 Apr 23|
|Other OVAs|Sat 8 Apr 23|
|Series Discussion|Sun 9 Apr 23|

**Clear Card Saga**

|Episode|Date|
:--|:--|
|Sakura and the Two Bears|Wed 12 Apr 23|
|Clear Card 1|Thu 13 Apr 23|
|Clear Card 2|Fri 14 Apr 23|
|Clear Card 3|Sat 15 Apr 23|
|Clear Card 4|Sun 16 Apr 23|
|Clear Card 5|Mon 17 Apr 23|
|Clear Card 6|Tue 18 Apr 23|
|Clear Card 7|Wed 19 Apr 23|
|Clear Card 8|Thu 20 Apr 23|
|Clear Card 9|Fri 21 Apr 23|
|Clear Card 10|Sat 22 Apr 23|
|Clear Card 11|Sun 23 Apr 23|
|Clear Card 12|Mon 24 Apr 23|
|Clear Card 13|Tue 25 Apr 23|
|Clear Card 14|Wed 26 Apr 23|
|Clear Card 15|Thu 27 Apr 23|
|Clear Card 16|Fri 28 Apr 23|
|Clear Card 17|Sat 29 Apr 23|
|Clear Card 18|Sun 30 Apr 23|
|Clear Card 19|Mon 1 May 23|
|Clear Card 20|Tue 2 May 23|
|Clear Card 21|Wed 3 May 23|
|Clear Card 22|Thu 4 May 23|
|Franchise Discussion|Fri 5 May 23|",0.89,47,0,47,t3_zhbliv
87,,,,,,[Do You Remember Love - Macross Franchise 40th Anniversary Rewatch] Macross 7 Episode 41 Discussion,"#**Episode 41 - [I'm Crazy About Mylene!](https://i.imgur.com/5OIrvCh.png)**

[‚Üê Previous Episode](https://old.reddit.com/r/anime/comments/zgew6c/do_you_remember_love_macross_franchise_40th/) | [Index](https://old.reddit.com/r/anime/comments/wc8jm8/do_you_remember_love_macross_franchise_40th/) | [Next Episode ‚Üí](https://old.reddit.com/r/anime/comments/zi6g4l/do_you_remember_love_macross_franchise_40th/)

[MAL](https://myanimelist.net/anime/1397/Macross_7) | [AniList](https://anilist.co/anime/1397/Macross-7/) | [ANN](https://www.animenewsnetwork.com/encyclopedia/anime.php?id=940) | [Kitsu](https://kitsu.io/anime/macross-7) | [AniDB](https://anidb.net/anime/442) 

[No Legal Streams](https://i.imgur.com/PL09ctb.png)

-----

***Sing for me! I'm your fan!***

**Questions of the Day, courtesy of u/chilidirigible:**

1) Did you expect Mylene to connect her sound system to the giant speakers instead of the simpler solution of the Speaker Pods?

2) How different would anime in general be if there was a more useful equivalent to Child Protective Services?

**Wallpaper of the Day:**

[Gavil](https://i.imgur.com/Dx4Nz9T.png)

**Vocal Songs in This Episode:**

""Seventh Moon"" by Fire Bomber ‚Äì OP

""Light The Light"" by Fire Bomber ‚Äì Insert

""„Éê„É´„Ç≠„É™„Éº„ÅßË™ò„Å£„Å¶ (Valkyrie de Sasotte)"" by Jamming Birds ‚Äì Insert

""Try Again"" by Fire Bomber ‚Äì Insert

""Kimi ni Todoke"" by Fire Bomber ‚Äì Insert

""Planet Dance"" by Fire Bomber ‚Äì Insert

""My Friends"" by Fire Bomber ‚Äì Insert

""Á™ÅÊíÉ„É©„Éñ„Éè„Éº„Éà (Totsugeki Love Heart)"" by Fire Bomber ‚Äì Insert

""‚Ä¶Dakedo Baby!!"" by Fire Bomber ‚Äì ED

-----

Rewatchers, please remember to be mindful of all the first-timers in this. No talking about or hinting at future events no matter how much you want to, ***unless*** you're doing it underneath [spoiler tags](https://old.reddit.com/r/anime/comments/q28ulr/announcing_changes_to_spoiler_tags/). Don't spoil anything for the first-timers, that's rude!",0.86,27,0,27,t3_zhblen
88,,,,,,My friend and I chose our own winners for crunchyroll's awards and tried to predict crunchyroll's winners,"**Best original anime:**

our choice: [Lycoris recoil](https://myanimelist.net/anime/50709/Lycoris_Recoil)

crunchyroll: [Lycoris recoil](https://myanimelist.net/anime/50709/Lycoris_Recoil)

**Best character design:**

our choice: [Made in abyss s2](https://myanimelist.net/anime/41084/Made_in_Abyss__Retsujitsu_no_Ougonkyou)

crunchyroll: [chainsaw man](https://myanimelist.net/anime/44511/Chainsaw_Man)

**Best animation:**

our choice: [Demon slayer s2](https://myanimelist.net/anime/47778/Kimetsu_no_Yaiba__Yuukaku-hen)

crunchyroll: [Demon slayer s2](https://myanimelist.net/anime/47778/Kimetsu_no_Yaiba__Yuukaku-hen)

 **Best Continuing Series:**

our choice: [Kaguya sama s3](https://myanimelist.net/anime/43608/Kaguya-sama_wa_Kokurasetai__Ultra_Romantic)

crunchyroll: [Attack on titan s4 p2](https://myanimelist.net/anime/48583/Shingeki_no_Kyojin__The_Final_Season_Part_2)

**Best romance:**

our choice: [Kaguya sama s3](https://myanimelist.net/anime/43608/Kaguya-sama_wa_Kokurasetai__Ultra_Romantic)

crunchyroll: [My drass up darling](https://myanimelist.net/anime/48736/Sono_Bisque_Doll_wa_Koi_wo_Suru)

**Best fantasy:**

our choice: [Ascendance of a bookworm s3](https://myanimelist.net/anime/42429/Honzuki_no_Gekokujou__Shisho_ni_Naru_Tame_ni_wa_Shudan_wo_Erandeiraremasen_3rd_Season) (made in abyss was close to winning)

crunchyroll: [Made in abyss s2](https://myanimelist.net/anime/41084/Made_in_Abyss__Retsujitsu_no_Ougonkyou)

**Best comedy:**

our choice: [Bocchi the rock!](https://myanimelist.net/anime/47917/Bocchi_the_Rock)

crunchyroll: [spy x family](https://myanimelist.net/anime/50265/Spy_x_Family)

**Best anime song:**

our choice: [Chika's rap](https://www.youtube.com/watch?v=piGuCMs_qok&amp;t=2s&amp;ab_channel=CrunchyrollCollection) from [Kaguya sama s3](https://myanimelist.net/anime/43608/Kaguya-sama_wa_Kokurasetai__Ultra_Romantic)

crunchyroll: [New genesis](https://www.youtube.com/watch?v=1FliVTcX8bQ&amp;list=PLvTDysi48cfWkf8laAJeeevJ7BI0S76SX&amp;index=47&amp;ab_channel=Ado) from [one piece film red](https://myanimelist.net/anime/50410/One_Piece_Film__Red)

**Best film:**

our choice: [fruits basket:prelude](https://myanimelist.net/anime/49310/Fruits_Basket__Prelude)

crunchyroll: [fruits basket:prelude](https://myanimelist.net/anime/49310/Fruits_Basket__Prelude)

**Best main character:**

our choice: [Mob](https://myanimelist.net/character/109929/Shigeo_Kageyama) from [mob psycho 100 s3](https://myanimelist.net/anime/50172/Mob_Psycho_100_III)

crunchyroll: [Eren](https://myanimelist.net/character/40882/Eren_Yeager) from [Attack on titan s4 p2](https://myanimelist.net/anime/48583/Shingeki_no_Kyojin__The_Final_Season_Part_2)

**Best supporting character:**

our choice: [Faputa](https://myanimelist.net/character/153814/Faputa) from [Made in abyss s2](https://myanimelist.net/anime/41084/Made_in_Abyss__Retsujitsu_no_Ougonkyou)

crunchyroll: [Mio](https://myanimelist.net/character/170612/Mio_Kofune) from [summertime render](https://myanimelist.net/anime/47194/Summertime_Render)

 **‚ÄúMust Protect At All Costs‚Äù Character** **:**

our choice: [Maaa](https://myanimelist.net/character/201511/Maaa) from [Made in abyss s2](https://myanimelist.net/anime/41084/Made_in_Abyss__Retsujitsu_no_Ougonkyou)

crunchyroll: [Anya](https://myanimelist.net/character/170256/Anya_Forger) from [spy x family](https://myanimelist.net/anime/50265/Spy_x_Family)

**Best new series:**

our choice: [Bocchi the rock!](https://myanimelist.net/anime/47917/Bocchi_the_Rock)

crunchyroll: [spy x family](https://myanimelist.net/anime/50265/Spy_x_Family)

 **Best Opening Sequence:**

our choice: [call of the night](https://www.youtube.com/watch?v=L96VbQ9ytWk&amp;list=PLvTDysi48cfWkf8laAJeeevJ7BI0S76SX&amp;index=23&amp;ab_channel=Anicrad)

crunchyroll: [chainsaw man](https://www.youtube.com/watch?v=dFlDRhvM4L0&amp;list=PLvTDysi48cfWkf8laAJeeevJ7BI0S76SX&amp;index=41&amp;ab_channel=MAPPACHANNEL)

**Best ending sequence:**

we don't care about ending sequences

**Best action:**

our choice: [Demon slayer s2](https://myanimelist.net/anime/47778/Kimetsu_no_Yaiba__Yuukaku-hen)

crunchyroll: [Demon slayer s2](https://myanimelist.net/anime/47778/Kimetsu_no_Yaiba__Yuukaku-hen)

**Best drama:**

our choice: [classroom of the elite s2](https://myanimelist.net/anime/51096/Youkoso_Jitsuryoku_Shijou_Shugi_no_Kyoushitsu_e_2nd_Season)

crunchyroll: [Attack on titan s4 p2](https://myanimelist.net/anime/48583/Shingeki_no_Kyojin__The_Final_Season_Part_2)

**Best voice actor(japanese):**

our choice: [Tanezaki, Atsumi](https://myanimelist.net/people/17215/Atsumi_Tanezaki)([Anya](https://myanimelist.net/character/170256/Anya_Forger))  from [spy x family](https://myanimelist.net/anime/50265/Spy_x_Family)

crunchyroll: [Tanezaki, Atsumi](https://myanimelist.net/people/17215/Atsumi_Tanezaki)([Anya](https://myanimelist.net/character/170256/Anya_Forger))  from [spy x family](https://myanimelist.net/anime/50265/Spy_x_Family)

**Anime of the year:**

our choice: [Kaguya sama s3](https://myanimelist.net/anime/43608/Kaguya-sama_wa_Kokurasetai__Ultra_Romantic)

crunchyroll: [Attack on titan s4 p2](https://myanimelist.net/anime/48583/Shingeki_no_Kyojin__The_Final_Season_Part_2)

&amp;#x200B;

&amp;#x200B;

**Our own categories:**

**Best girl:**

 [Chika](https://myanimelist.net/character/140810/Chika_Fujiwara) from [Kaguya sama s3](https://myanimelist.net/anime/43608/Kaguya-sama_wa_Kokurasetai__Ultra_Romantic)

**Most underwatched anime:** 

[Summertime render](https://myanimelist.net/anime/47194/Summertime_Render)

**Most overrated anime:**

[Attack on titan s4 p2](https://myanimelist.net/anime/48583/Shingeki_no_Kyojin__The_Final_Season_Part_2)

**Most underrated anime:**

[Tomodachi game](https://myanimelist.net/anime/50273/Tomodachi_Game)",0.37,0,0,0,t3_zhbkaz
89,,,,,,Where can I watch Full Metal Alchemist?,So I have already watched the series but have been wanting to rewatch it for sometime now and I can‚Äôt seem to find it on any of the streaming platforms. I am living in Dubai and have checked Crunchyroll and Netflix while all searches say that it is available in these two platforms.,0.42,0,0,0,t3_zhazdh
90,,,,,,OPM vs Saiki K. Which is better?,"Back again asking what anime is better because why not. Last time it was Mob Psycho 100 vs One Punch man. Mob Psycho won by alot and moves to the next round. 
This round it is One Punch Man (OPM) vs The disastrous life of Saiki K.
So which of the two is better",0.15,0,0,0,t3_zhav2z
91,,,,,,Streaming Services RUINED Anime,,0.09,0,0,0,t3_zh9xki
92,,,,,,Kotoro Lives Alone Is Beautifully Sad|Nerd Out!,,0.44,0,0,0,t3_zh9prw
93,,,,,,Pok√©mon (2019) - Episode 135 discussion,"*Pok√©mon (2019)*, episode 135

Alternative names: * Pokemon (Shin Series), Pocket Monsters 2019, Pokemon (Shin Series), Pokemon 2019, Pokemon Journeys: The Series*

# [Rate this episode here.](https://youpoll.me/92678/)



---

**Streams**

*None*

**Show information**

* [MyAnimeList](https://myanimelist.net/anime/40351/)
* [AniList](https://anilist.co/anime/112153)
* [AniDB](https://anidb.net/perl-bin/animedb.pl?show=anime&amp;aid=15067)
* [Kitsu](https://kitsu.io/anime/pokemon-shin-series)
* [Anime-Planet](https://www.anime-planet.com/anime/pokemon-2019)
* [Official Website](https://www.pokemon.com/us/pokemon-episodes/pokemon-tv-seasons/)
* **/r/pokemon**

---

**All discussions**

Episode|Link|Score|Episode|Link|Score|Episode|Link|Score|Episode|Link|Score
:-:|:-:|:-:|:-:|:-:|:-:|:-:|:-:|:-:|:-:|:-:|:-:
84|[Link](https://redd.it/qdomzl)|[4.43](https://youpoll.me/66828/r)|97|[Link](https://redd.it/sqbkoi)|[4.0](https://youpoll.me/72776/r)|110|[Link](https://redd.it/up0yiy)|[4.5](https://youpoll.me/77186/r)|123|[Link](https://redd.it/x4euxx)|[4.86](https://youpoll.me/85641/r)
85|[Link](https://redd.it/qinh13)|[4.17](https://youpoll.me/67335/r)|98|[Link](https://redd.it/svuugo)|[4.33](https://youpoll.me/73094/r)|111|[Link](https://redd.it/uu6a98)|[4.89](https://youpoll.me/77672/r)|124|[Link](https://redd.it/xa37e3)|[4.67](https://youpoll.me/86083/r)
86|[Link](https://redd.it/qnmgaw)|[4.67](https://youpoll.me/67727/r)|99|[Link](https://redd.it/t1h0t1)|[4.67](https://youpoll.me/73357/r)|112|[Link](https://redd.it/uz8s9o)|[4.83](https://youpoll.me/78314/r)|125|[Link](https://redd.it/xg2r8a)|[4.8](https://youpoll.me/86560/r)
87|[Link](https://redd.it/qslmur)|[4.67](https://youpoll.me/68113/r)|100|[Link](https://redd.it/t6v7vh)|[4.75](https://youpoll.me/73610/r)|113|[Link](https://redd.it/v4aomp)|[4.71](https://youpoll.me/78989/r)|126|[Link](https://redd.it/xm8avs)|[2.0](https://youpoll.me/87001/r)
88|[Link](https://redd.it/qxralh)|[4.75](https://youpoll.me/68475/r)|101|[Link](https://redd.it/tc0d40)|[4.17](https://youpoll.me/73874/r)|114|[Link](https://redd.it/v9jqea)|[4.89](https://youpoll.me/79605/r)|127|[Link](https://redd.it/xseson)|[4.0](https://youpoll.me/87450/r)
89|[Link](https://redd.it/r8dd1l)|[4.67](https://youpoll.me/69286/r)|102|[Link](https://redd.it/thhptp)|[4.67](https://youpoll.me/74151/r)|115|[Link](https://redd.it/vetkqv)|[3.2](https://youpoll.me/80160/r)|128|[Link](https://redd.it/y4993c)|[1.75](https://youpoll.me/88429/r)
90|[Link](https://redd.it/rdl4rs)|[3.88](https://youpoll.me/69884/r)|103|[Link](https://redd.it/tu53js)|[4.33](https://youpoll.me/74636/r)|116|[Link](https://redd.it/vund14)|[4.5](https://youpoll.me/81810/r)|129|[Link](https://redd.it/ya6pzd)|[4.5](https://youpoll.me/88941/r)
91|[Link](https://redd.it/rirzl4)|[4.25](https://youpoll.me/70232/r)|104|[Link](https://redd.it/tu5a93)|[4.25](https://youpoll.me/74637/r)|117|[Link](https://redd.it/vzwgvd)|[4.86](https://youpoll.me/82323/r)|130|[Link](https://redd.it/yg0dmu)|[4.67](https://youpoll.me/89485/r)
92|[Link](https://redd.it/rnvt3o)|[4.71](https://youpoll.me/70535/r)|105|[Link](https://redd.it/tzdtfy)|[4.44](https://youpoll.me/74973/r)|118|[Link](https://redd.it/w5nzun)|[4.57](https://youpoll.me/82891/r)|131|[Link](https://redd.it/ymagmq)|[4.83](https://youpoll.me/90016/r)
93|[Link](https://redd.it/s450ya)|[4.2](https://youpoll.me/71615/r)|106|[Link](https://redd.it/u4hzsh)|[4.75](https://youpoll.me/75330/r)|119|[Link](https://redd.it/wbkpiz)|[1.8](https://youpoll.me/83453/r)|132|[Link](https://redd.it/ysl3k1)|[4.96](https://youpoll.me/90542/r)
94|[Link](https://redd.it/s9pkyo)|[4.25](https://youpoll.me/71917/r)|107|[Link](https://redd.it/u9nadt)|[4.67](https://youpoll.me/75679/r)|120|[Link](https://redd.it/wh8lr3)|[3.2](https://youpoll.me/83952/r)|133|[Link](https://redd.it/z4qsmm)|[4.6](https://youpoll.me/91655/r)
95|[Link](https://redd.it/sf3v87)|[4.33](https://youpoll.me/72205/r)|108|[Link](https://redd.it/uey0y4)|[4.57](https://youpoll.me/76215/r)|121|[Link](https://redd.it/wmz0rf)|[1.25](https://youpoll.me/84350/r)|134|[Link](https://redd.it/zb1iet)|[4.67](https://youpoll.me/92170/r)
96|[Link](https://redd.it/skq9m6)|[4.75](https://youpoll.me/72460/r)|109|[Link](https://redd.it/ujy8cl)|[4.57](https://youpoll.me/76703/r)|122|[Link](https://redd.it/wykd0d)|[3.0](https://youpoll.me/85225/r)|135|[Link](https://redd.it/zh9ltg)|[----](https://youpoll.me/92678/r)

---

*This post was created by a bot. Message the mod team for feedback and comments.*
*The original source code can be found on [GitHub](https://github.com/r-anime/holo).*",0.77,22,0,22,t3_zh9ltg
94,,,,,,Black Representation in Anime | Top 5 Characters PART 2,,0.21,0,0,0,t3_zh9c0u
95,,,,,,One Piece - Roronoa Zoro„ÄêAMV„ÄëInertia 1.9.9.9,,0.1,0,0,0,t3_zh8xld
96,,,,,,[2022 Rewatch] THE iDOLM@STER SideM Episode 2 Discussion,"# Episode 2 - Where Each Star Shines

[‚Üê Previous Episode](https://www.reddit.com/r/anime/comments/zgbfud/2022_rewatch_the_idolmster_sidem_episode_1/) | [Index](https://www.reddit.com/r/anime/comments/xsch6z/idolmster_rewatch_schedule_thread_2022/) | [Next Episode ‚Üí](https://www.reddit.com/r/anime/comments/zi3dl5/2022_rewatch_the_idolmster_sidem_episode_3/)

**Information:**

[MAL](https://myanimelist.net/anime/34915/The_iDOLMSTER_SideM?q=SideM&amp;cat=anime) | [AniList](https://anilist.co/anime/98310/The-Idolmster-SideM/) | [ANN](https://www.animenewsnetwork.com/encyclopedia/anime.php?id=19884) | [Kitsu](https://kitsu.io/anime/the-idolmaster-side-m) | [AniDB](https://anidb.net/anime/12820)

**Legal Streams:**

[crunchyroll](https://www.crunchyroll.com/series/GR8V71P7R/the-idolmster-side-m) (must have premium)

All rewatchers, you must spoil everything to do with spoilers, even to the littlest details!",0.69,6,0,6,t3_zh8ks0
97,,,,,,Toradora! Christmas Club Rewatch (2022) Episode 4 Discussion,"Episode 4 - That Moment's Expression
___

The Toradora! Christmas Club is finally here again! Together we're watching the original Toradora! series, one episode a day until December 30th.

It's important to be courteous to first time watchers.  Don't forget to keep discussions related to this episode.  We'll have a new thread tomorrow and the day after (etc.), so there are plenty of opportunities to discuss new characters and moments.  If you absolutely can't help yourself, just remember to add spoiler tags like so [Toradora!] &gt;!spoiler text!&lt;
___

Threads will be posted daily at: 21:00 GMT
___

[CR](http://www.crunchyroll.com/toradora), [Netflix](https://www.netflix.com/title/80049275), [Amazon Prime](https://www.amazon.com/Toradora/dp/B07L7BYYXC), [Funimation](https://www.funimation.com/shows/toradora/)
___

This Year's Discussion (2022) | Last Year's Discussion (2021) |
:---|:---|
[Episode 1](https://redd.it/zehw1z) | [Episode 1](https://redd.it/raicmk)
[Episode 2](https://redd.it/zfdlki) | [Episode 2](https://redd.it/rb9cg2)
[Episode 3](https://redd.it/zgbdvp) | [Episode 3](https://redd.it/rc0xqj)
Episode 4 | [Episode 4](https://redd.it/rcr3rp)
___

Fanart:

https://i.imgur.com/Ywunqfe.png
___

Sources:

https://www.pixiv.net/en/artworks/102293704
___

Feel free to participate in our bonus topic at the end of your comment or separately:

* **Christmas Club Bonus!** It's Kitamura day! Just like the episode, I want to see your favorite picture, quote or GIF from Yusaku Kitamura. Be sure to only use content from the episodes we've seen so far. Good luck!",0.89,134,0,134,t3_zh8j13
98,,,,,,Dark mature anime recc anyone?,"Something along the lines of Death Note , Monster, Fate/Zero , Garden of Sinners , AoT , Ergo Proxy etc.

I especially love those old Madhouse gritty disturbing ones like Death Note and Monster where the atmosphere and colors itself makes you sick.",0.4,0,0,0,t3_zh81f9
99,,,,,,[X-Post] I'm Michael Schwalbe--the English voice of Kawaki in Boruto: Naruto Next Generations. AMA!,,0.53,1,0,1,t3_zh80r0
